index,weight
5,0.045830031955625905
1,0.04194447963044255
2,0.04059265858982576
6,0.04059143191724482
4,0.03802662775968535
8,0.03669061043570483
10,0.028966116127158485
3,0.02885900858839244
7,0.023728398189372668
9,0.023728398189372668
