index,weight
1,0.038126332107416394
8,0.026336491515903195
10,0.022718283926418642
5,0.022285966621594638
2,0.020503095928293726
6,0.020502758080384036
4,0.019515231024185592
13,0.016304416654087786
15,0.015316696138509906
14,0.014973418286127426
3,0.013580774101674433
7,0.013210638493256117
9,0.013210638493256117
11,0.013210638493256117
16,0.012186996899017996
12,0.011093498449508996
17,0.011093498449508996
18,0.011093498449508996
19,0.011093498449508996
20,0.011093498449508996
