index,weight
1,0.02140568621574726
8,0.01660853803157598
10,0.014316901974725037
2,0.011763999430980351
4,0.011763999430980351
5,0.011763999430980351
6,0.011763999430980351
13,0.010806376626591658
15,0.010098102795682259
14,0.009873846663890854
3,0.009165896635298093
7,0.008457622804388694
9,0.008457622804388694
11,0.008457622804388694
12,0.007833313317211111
16,0.007833313317211111
17,0.007833313317211111
18,0.007833313317211111
19,0.007833313317211111
20,0.007833313317211111
