index,weight
2,0.027127103693546338
4,0.027127103693546338
5,0.027127103693546338
6,0.027127103693546338
8,0.02656517076407225
1,0.025476645329061687
10,0.02070013306291344
3,0.019221490617141405
7,0.017406127614411383
9,0.017406127614411383
